"Document Title",Authors,"Author Affiliations","Publication Title",Date Added To Xplore,"Publication Year","Volume","Issue","Start Page","End Page","Abstract","ISSN",ISBNs,"DOI",Funding Information,PDF Link,"Author Keywords","IEEE Terms","Mesh_Terms",Article Citation Count,Patent Citation Count,"Reference Count","License",Online Date,Issue Date,"Meeting Date","Publisher",Document Identifier
"Privacy-Preserving Fall Detection with Deep Learning on mmWave Radar Signal","Y. Sun; R. Hang; Z. Li; M. Jin; K. Xu","Department of Computer Science and Electrical Engineering, University of Missouri, Kansas City, USA; Department of Computer Science and Electrical Engineering, University of Missouri, Kansas City, USA; Department of Computer Science and Electrical Engineering, University of Missouri, Kansas City, USA; Ric Semiconductor, LLC, Texas, USA; Ric Semiconductor, LLC, Texas, USA",2019 IEEE Visual Communications and Image Processing (VCIP),"23 Jan 2020","2019","","","1","4","Fall is one of the main reasons for body injuries among seniors. Traditional fall detection methods are mainly achieved by wearable and non-wearable techniques, which may cause skin discomfort or invasion of privacy to users. In this paper, we propose an automatic fall detection method with the assist of the mmWave radar signal to solve the aforementioned issues. The radar devices are capable to record the reflection from objects in both the spatial and temporal domain, which can be used to depict the activities of users with the support of a recurrent neural network (RNN) with long-short-term memory (LSTM) units. First, we employ the radar low-dimension embedding (RLDE) algorithm to preprocess the Range-angle reflection heatmap sequence converted from the raw radar signal for reducing the redundancy in the spatial domain. Then, the processed sequence is split into frames for inputting LSTM units one by one. Eventually, the output from the last LSTM unit is fed in a Softmax layer for classifying different activities. To validate the effectiveness of our proposed method, we construct a radar dataset with the assist of market radar module devices, to implement several experiments. The experimental results demonstrate that, compared to LSTM only and the widely used 3-D convolutional neural network (3-D CNN), combining RLDE and LSTM can achieve the best detection results with much less computational time consumption. In addition, we extend the proposed method to classify multiple human activities simultaneously and the satisfied performances are observed.","2642-9357","978-1-7281-3723-0","10.1109/VCIP47243.2019.8965661","","https://ieeexplore.ieee.org/stamp/stamp.jsp?arnumber=8965661","Fall detection;mmWave radar signal;radar low-dimension embedding (RFLE) algorithm;long-short-term memory (LSTM);human activities detection","Heating systems;Recurrent neural networks;Three-dimensional displays;Radar detection;Radar imaging;Reflection;Radar signal processing;Fall detection;Millimeter wave communication;Long short term memory","","32","","12","IEEE","23 Jan 2020","1-4 Dec. 2019","1-4 Dec. 2019","IEEE","IEEE Conferences"
"Internet of Things (IoT) Privacy–Protected, Fall-Detection System for the Elderly Using the Radar Sensors and Deep Learning","E. L. Chuma; L. L. B. Roger; G. G. de Oliveira; Y. Iano; D. Pajuelo","Unicamp University, Campinas, Brazil; Unicamp University, Campinas, Brazil; Unicamp University, Campinas, Brazil; Unicamp University, Campinas, Brazil; Unicamp University, Campinas, Brazil",2020 IEEE International Smart Cities Conference (ISC2),"29 Oct 2020","2020","","","1","4","The increase in the number world population of elderly citizens, as well as those who live in solitude, needs an immediate solution with an intelligent monitoring system at home. In this work, we present an intelligent fall-detection system based on IoT to monitor the elderly with your privacy-protected. Currently, fall detection has attracted significant research attention and deep learning has shown promising performance in this task using conventional cameras. However, these traditional methods pose a risk of the leakage of personal privacy. This work proposes a novel fall-detection system that uses a continuous-wave Doppler radar sensor to acquisition the elderly movements and sends this information thought the internet to a server with deep learning using a convolutional neural network (CNN) that identifies the fall. The radar sensor is inexpensive, completely camera-free, and collects no personally identifiable information, thereby allaying privacy concerns. Additionally, unlike traditional cameras, it has environmental robustness and dark/light-independence. The proposed system obtained 99.9% accuracy in detecting falls by using the GoogleNet convolutional neural network. The proposed system is also capable of detecting other types of movements in addition to those tested, including the detection of diseases such as COVID-19 through the cough movement.","2687-8860","978-1-7281-8294-0","10.1109/ISC251055.2020.9239074","","https://ieeexplore.ieee.org/stamp/stamp.jsp?arnumber=9239074","healthcare;IoT;privacy;deep learning;radar","Deep learning;Privacy;Senior citizens;Cameras;Robustness;Doppler radar;Internet of Things","","31","","21","IEEE","29 Oct 2020","28 Sept.-1 Oct. 2020","28 Sept.-1 Oct. 2020","IEEE","IEEE Conferences"
"A Privacy Protected Fall Detection IoT System for Elderly Persons Using Depth Camera","X. Kong; Z. Meng; L. Meng; H. Tomiyama","Graduate School of Science and Engineering, Ritsumeikan University, Kusatsu, Shiga, Japan; Graduate School of Science and Engineering, Ritsumeikan University, Kusatsu, Shiga, Japan; College of Science and Engineering, Ritsumeikan University, Kusatsu, Shiga, Japan; College of Science and Engineering, Ritsumeikan University, Kusatsu, Shiga, Japan",2018 International Conference on Advanced Mechatronic Systems (ICAMechS),"25 Oct 2018","2018","","","31","35","The proportion of the elderly persons in the world is constantly on the rise, and fall accidents have become a serious problem, especially for those who live alone. Currently, fall detection has attracted a lot of research attention and machine learning (ML) has shown promising performance in this task due to their strengths in person recognition. However, many existing methods using RGB images as the training data, resulting in the main information to be lost, or do not appropriately consider the effect of light, resulting in weak generalizability of the fall detection. Moreover, traditional methods pose a risk of leakage of personal privacy. This paper proposes a fall detection IoT system based on depth camera and fast Fourier transform (FFT) to overcome these problems. We first use depth camera to get the skeleton images of a person who is standing or falling down. We then get the characteristic quantity of these images and train them by ML to get the training model. Finally, we use FFT to encrypt images and detect the fall. We constructe a training database that includes 1131 images, and the experimental evaluation of the images demonstrates that our algorithm is effective for detecting falls and maintain privacy.","2325-0690","978-1-5386-7174-0","10.1109/ICAMechS.2018.8506987","","https://ieeexplore.ieee.org/stamp/stamp.jsp?arnumber=8506987","fall detection;elderly persons;IoT system;privacy protection;machine learning","Skeleton;Senior citizens;Cameras;Privacy;Encryption;Training","","23","","16","IEEE","25 Oct 2018","30 Aug.-2 Sept. 2018","30 Aug.-2 Sept. 2018","IEEE","IEEE Conferences"
"Automated fall detection on privacy-enhanced video","A. Edgcomb; F. Vahid","Department of Computer Science and Engineering, University of California, Riverside, CA, USA; Department of Computer Science and Engineering, University of California, Riverside, CA, USA",2012 Annual International Conference of the IEEE Engineering in Medicine and Biology Society,"10 Nov 2012","2012","","","252","255","A privacy-enhanced video obscures the appearance of a person in the video. We consider four privacy enhancements: blurring of the person, silhouetting of the person, covering the person with a graphical box, and covering the person with a graphical oval. We demonstrate that an automated video-based fall detection algorithm can be as accurate on privacy-enhanced video as on raw video. The algorithm operated on video from a stationary in-home camera, using a foreground-background segmentation algorithm to extract a minimum bounding rectangle (MBR) around the motion in the video, and using time series shapelet analysis on the height and width of the rectangle to detect falls. We report accuracy applying fall detection on 23 scenarios depicted as raw video and privacy-enhanced videos involving a sole actor portraying normal activities and various falls. We found that fall detection on privacy-enhanced video, except for the common approach of blurring of the person, was competitive with raw video, and in particular that the graphical oval privacy enhancement yielded the same accuracy as raw video, namely 0.91 sensitivity and 0.92 specificity.","1558-4615","978-1-4577-1787-1","10.1109/EMBC.2012.6345917","","https://ieeexplore.ieee.org/stamp/stamp.jsp?arnumber=6345917","Fall detection;video privacy;assistive monitoring;smart homes;telehealth","Time series analysis;Streaming media;Privacy;Accuracy;Shape;Sensitivity;Detection algorithms","Accidental Falls;Aged;Aged, 80 and over;Algorithms;Female;Humans;Image Processing, Computer-Assisted;Image Processing, Computer-Assisted;Male;Monitoring, Physiologic;Monitoring, Physiologic;Sensitivity and Specificity;Video Recording","18","","16","IEEE","10 Nov 2012","28 Aug.-1 Sept. 2012","28 Aug.-1 Sept. 2012","IEEE","IEEE Conferences"
"A Convolutional Neural Network Model for Privacy-Sensitive Ultra-Wideband Radar-Based Human Static Posture Classification and Fall Detection","K. Thipprachak; P. Tangamchit; S. Lerspalungsanti","Department of Control Systems and Instrumentation, King Mongkut's University of Technology Thonburi, Bangkok, Thailand; Department of Control Systems and Instrumentation Engineering, King Mongkut's University of Technology Thonburi, Bangkok, Thailand; National Metal and Materials Technology Center, National Science and Technology Development Agency, Pathum Thani, Thailand",2023 IEEE Statistical Signal Processing Workshop (SSP),"9 Aug 2023","2023","","","443","447","A reliable fall detection system can enhance the safety of senior citizens by detecting falls in private areas, such as restrooms, where accidents may go unnoticed. This study aimed to create a static human posture recognition system with a possibility of extension for detecting falls in private areas. The system used ultra-wideband (UWB) sensors to detect human body gestures and analyze an individual's posture to determine a laydown posture, which is abnormal in restroom usage. UWB is capable of protecting human privacy because its output contains limited information. This study implemented a convolutional neural network (CNN) model that classified signals from an ultra-wideband sensor in a bathroom into four categories: standing, sitting, lying down, and nobody. This paper proposes a CNN classifier with an overall accuracy of 93%. These results demonstrate the capability of the proposed system to recognize static human posture in private locations.","2693-3551","978-1-6654-5245-8","10.1109/SSP53291.2023.10208028","","https://ieeexplore.ieee.org/stamp/stamp.jsp?arnumber=10208028","convolutional neural network;ultra-wideband (UWB);human static posture classification","Privacy;Signal processing;Sensor systems;Sensors;Safety;Convolutional neural networks;Reliability","","7","","12","IEEE","9 Aug 2023","2-5 July 2023","2-5 July 2023","IEEE","IEEE Conferences"
"Fall Detection under Privacy Protection Using Multi-layer Compressed Sensing","J. -x. Liu; R. Tan; N. Sun; G. Han; X. -f. Li","Engineering Research Center of Wideband Wireless Communication Technology, Ministry of Education College of Telecommunications and Information Engineering, Nanjing University of Posts and Telecommunications, Nanjing, China; Engineering Research Center of Wideband Wireless Communication Technology, Ministry of Education College of Telecommunications and Information Engineering, Nanjing University of Posts and Telecommunications, Nanjing, China; Engineering Research Center of Wideband Wireless Communication Technology, Ministry of Education College of Telecommunications and Information Engineering, Nanjing University of Posts and Telecommunications, Nanjing, China; Engineering Research Center of Wideband Wireless Communication Technology, Ministry of Education College of Telecommunications and Information Engineering, Nanjing University of Posts and Telecommunications, Nanjing, China; Engineering Research Center of Wideband Wireless Communication Technology, Ministry of Education College of Telecommunications and Information Engineering, Nanjing University of Posts and Telecommunications, Nanjing, China",2020 3rd International Conference on Artificial Intelligence and Big Data (ICAIBD),"9 Jul 2020","2020","","","247","251","As the phenomenon of empty nest elderly becomes increasingly obvious, how to protect the health of the elderly living alone has attracted researchers' attention. Among all the researches, fall as the most common accident of the elderly, its corresponding vision-based detection system design is the most important. However, directly using image-clear traditional cameras to monitor the daily lives of the elderly at home will bring the risk of privacy disclosure. Therefore, this paper proposes a fall detection system under privacy protection. Firstly, multi-layer compressed sensing (CS) model is introduced to process the video frames, so that the video can reach visual shielding effect. Then, for the compressed video, we improve the local binary pattern on three orthogonal planes (LBP-TOP) feature to represent the object behavior effectively. Finally, the fall detection problem is transformed into a behavioral binary classification problem. The experimental results on two public datasets show that the specificity, sensitivity and accuracy of the algorithm proposed in this paper have maintained at a good level.","","978-1-7281-9741-8","10.1109/ICAIBD49809.2020.9137474","","https://ieeexplore.ieee.org/stamp/stamp.jsp?arnumber=9137474","privacy protection;fall detection;compressed sensing;LBP-TOP","Privacy;Visualization;Data privacy;Sensitivity;Surveillance;Senior citizens;Sensors","","6","","19","IEEE","9 Jul 2020","28-31 May 2020","28-31 May 2020","IEEE","IEEE Conferences"
"SDN-YOLO: Research on the Fall Detection Algorithm for Privacy Scenarios Based on Optimized YOLO11","K. Li; S. Song; J. Zhang; Y. Wang; S. Zheng; Z. Yang; Y. Gao; X. Ding","School of Computer and Information Engineering, Shanghai Polytechnic University, Shanghai, China; School of Computer and Information Engineering, Shanghai Polytechnic University, Shanghai, China; Data Intelligence Product Department, Wonders Information Co., Ltd, Shanghai, China; Data Intelligence Product Department, Wonders Information Co., Ltd, Shanghai, China; Data Intelligence Product Department, Wonders Information Co., Ltd, Shanghai, China; Data Intelligence Product Department, Wonders Information Co., Ltd, Shanghai, China; Data Intelligence Product Department, Wonders Information Co., Ltd, Shanghai, China; Data Intelligence Product Department, Wonders Information Co., Ltd, Shanghai, China","2025 IEEE 5th International Conference on Electronic Technology, Communication and Information (ICETCI)","24 Jul 2025","2025","","","103","107","With the increasing degree of population aging, the rapid rise in the elderly population will lead to a serious issue of fall detection for elderly individuals living alone. Fall detection using images from conventional cameras exposes the privacy of elderly individuals and suffers from performance degradation due to insufficient lighting. Therefore, it was decided to use depth images for fall detection. The current methods for fall detection still face issues such as inconvenience, low accuracy, and high missed detection rates. This paper presents SDN-YOLO, a fall detection algorithm designed for privacy-preserving scenarios, which is based on an enhanced version of YOLO11, aimed at improving the detection rate. First, the C3k2 module is redesigned in the backbone network. By integrating the SConv branch for edge information extraction and the convolution branch for spatial information, this module enables the model to learn more comprehensive image feature representations. Secondly, to address the potential loss of detailed information due to the pooling operation in SPPF, convolution with different dilation rates is used to capture information in the image. Additionally, parameter sharing in the convolution helps reduce redundancy, thereby improving model efficiency. Finally, the BiFPN concept is introduced in the neck part, enabling the model to effectively fuse feature information from different layers, thereby improving the model's performance. Experimental results demonstrate that SDN-YOLO enhances the mAP@0.5 by 8.5%, Recall by 5.9%, and Precision by 2.7% over the baseline YOLO11 model on the dataset.","","979-8-3315-3372-4","10.1109/ICETCI64844.2025.11084159","","https://ieeexplore.ieee.org/stamp/stamp.jsp?arnumber=11084159","fall detection;YOLO11;C3k2;SPPF;BiFPN","Privacy;Convolution;Image edge detection;Redundancy;Lighting;Neck;Fall detection;Older adults;Kernel;Optimization","","","","17","IEEE","24 Jul 2025","23-25 May 2025","23-25 May 2025","IEEE","IEEE Conferences"
"Privacy-Preserving Fall Detection Using Ensemble Learning on mmWave Radar Signals","J. -G. Wang; C. -Y. Hsu; H. -C. Li; C. -Y. Chuang","Department of Medical Informatics, Tzu Chi University, Hualien, Taiwan; Department of Medical Informatics, Tzu Chi University, Hualien, Taiwan; Department of Medical Informatics, Tzu Chi University, Hualien, Taiwan; Department of Medical Informatics, Tzu Chi University, Hualien, Taiwan",2025 International Conference on Fuzzy Theory and Its Applications (iFUZZY),"15 Dec 2025","2025","","","1","4","Fall detection devices have been one of the technologies continuously developed by various parties in recent years. These systems had detected falls and notified relevant personnel through the use of camera devices. However, the deployment of camera-based solutions in private areas, such as bathrooms or bedrooms, has raised significant concerns regarding personal privacy. To address these issues, we have adopted millimeter-wave radar as the primary sensing technology. We have utilized the signals acquired from the millimeter-wave radar for fall detection applications. These signals have included three-dimensional coordinates and velocity information of detected objects. Since such data are signal-based rather than image-based, they have offered substantial protection of personal privacy. Furthermore, millimeter-wave radar has demonstrated high sensitivity to moving objects, which has significantly enhanced its capability for accurate localization of targets within an environment. This study has employed Long Short-Term Memory (LSTM), Recurrent Neural Network (RNN), and a modified Gated Recurrent Unit (GRU) to perform comparative analyses across different datasets. Hyperparameter optimization has been carried out using the Optuna framework. Subsequently, ensemble learning has been applied to further enhance the predictive performance of the models, resulting in a final accuracy of 99.40%.","2377-5831","978-1-6654-5792-7","10.1109/iFUZZY67152.2025.11286882","","https://ieeexplore.ieee.org/stamp/stamp.jsp?arnumber=11286882","Fall detection;Millimeter-wave radar;Ensemble learning","Accuracy;Quantization (signal);Predictive models;Millimeter wave radar;Data models;Hardware;Ensemble learning;Fall detection;Optimization;Long short term memory","","","","12","IEEE","15 Dec 2025","5-8 Nov. 2025","5-8 Nov. 2025","IEEE","IEEE Conferences"
"Fall Detection Wristband with Optimized Security and Health Monitoring","B. Al-Rowaili; N. Al-Obaidli; D. Al-Marri; K. Abualsaud; E. Yaacoub","Depratment of Computer Science and Engineering, College of Engineering, Qatar University, Doha, Qatar; Depratment of Computer Science and Engineering, College of Engineering, Qatar University, Doha, Qatar; Depratment of Computer Science and Engineering, College of Engineering, Qatar University, Doha, Qatar; Depratment of Computer Science and Engineering, College of Engineering, Qatar University, Doha, Qatar; Depratment of Computer Science and Engineering, College of Engineering, Qatar University, Doha, Qatar",2024 International Wireless Communications and Mobile Computing (IWCMC),"17 Jul 2024","2024","","","697","702","Several people suffer from sudden falls, which puts them seriously at high risk if they do not get help right away. However, if people own a wearable device, they can utilize it to get them help from a nearest hospital whenever they feel tired or suffer from a sudden fall. Elderly people also tend to live alone. After a fall, it is rare for an elderly person to be able to get up or ask for assistance. Therefore, to enable patients to request assistance even in cases where they are unable to get up after a fall, an advanced fall detection system is required, with appropriate hardware and software components. Wireless sensors and Global Positioning System (GPS) gadgets are among the technologies that can be utilized in this regard. While sensors collect information about movement, a GPS device uses information from satellites to pinpoint an object’s exact location inside a given space. The goal of this paper is to describe a developed and implemented fall detection wearable wristband with lightweight security for health monitoring. In the event of an emergency, the smartphone application will communicate the user’s specific location to the nearest hospital and their emergency contacts. The proposed wristband achieved our goal by developing a system that can communicate with the mobile application. Furthermore, the model testing produced $92 \%$ overall accuracy.","2376-6506","979-8-3503-6126-1","10.1109/IWCMC61514.2024.10592481","Qatar University; ","https://ieeexplore.ieee.org/stamp/stamp.jsp?arnumber=10592481","Fall detection;wearable devices;diabetes;ambient assisted living (AAL);wireless sensors;smartphone application","Wireless communication;Wireless sensor networks;Hospitals;Sensors;Security;Fall detection;Older adults","","4","","20","IEEE","17 Jul 2024","27-31 May 2024","27-31 May 2024","IEEE","IEEE Conferences"
"Fall Detection Using Smartphones to Enhance Safety and Security of Older Adults at Home","H. Nguyen; F. Zhou; F. Mirza; M. A. Naeem","School of Engineering, Computer & Mathematical Sciences, Auckland University of Technology, Auckland, New Zealand; School of Engineering, Computer & Mathematical Sciences, Auckland University of Technology, Auckland, New Zealand; School of Engineering, Computer & Mathematical Sciences, Auckland University of Technology, Auckland, New Zealand; School of Engineering, Computer & Mathematical Sciences, Auckland University of Technology, Auckland, New Zealand",2018 Eleventh International Conference on Mobile Computing and Ubiquitous Network (ICMU),"28 Feb 2019","2018","","","1","2","Falling is a global common health problem among older adults which causes minor to serious injuries such as fracture or even death. In recent years, many falls detection systems have been developed to support early detection and timely care to eliminate grave consequences. This research evaluates the potential of using smartphones for fall detection. In this research, two smartphones were used to collect acceleration data. Threshold approaches were applied on the collected data to detect potential falls. Evaluation results show that with proper chosen thresholds, the tested fall detection algorithm performs well with both sensitivity and specificity.","","978-4-907626-34-1","10.23919/ICMU.2018.8653613","","https://ieeexplore.ieee.org/stamp/stamp.jsp?arnumber=8653613","falls detection;smartphone;algorithm;threshold","Smart phones;Acceleration;Accelerometers;Sensitivity;Detection algorithms;Sensor systems","","4","","12","","28 Feb 2019","5-8 Oct. 2018","5-8 Oct. 2018","IEEE","IEEE Conferences"
"An Intelligence Security Alarming System With Fall Detection Algorithm","M. Han; J. Chen; Y. Lei; X. Duan; B. Jiao","mHealth Lab, School of EECS, Peking University, Beijing, China; mHealth Lab, School of EECS, Peking University, Beijing, China; mHealth Lab, School of EECS, Peking University, Beijing, China; mHealth Lab, School of EECS, Peking University, Beijing, China; mHealth Lab, School of EECS, Peking University, Beijing, China","2019 IEEE 3rd Information Technology, Networking, Electronic and Automation Control Conference (ITNEC)","6 Jun 2019","2019","","","2180","2184","Falls endanger the health of the elderly seriously. Fall detection and emergency alarm is very necessary. At present, the alarm system has the problems of low fall detection accuracy, high power consumption, poor user experience and slow feedback. We designed a low-power wearable smart device with fall detection and touch alarm based on nRF51-DK low-power MCU, which can last for 5 days and can be triggered without pressing. Its detection sensitivity reached 94.05%, and its feedback time is shorter than three seconds.","","978-1-5386-6243-4","10.1109/ITNEC.2019.8729483","","https://ieeexplore.ieee.org/stamp/stamp.jsp?arnumber=8729483","mHealth (mobile Health);Smart Wristlet;Fall Perception;BLE(Bluetooth Low Energy)","Senior citizens;Security;Hardware;Biomedical monitoring;Bluetooth;Acceleration;Power demand","","1","","15","IEEE","6 Jun 2019","15-17 March 2019","15-17 March 2019","IEEE","IEEE Conferences"
"A Security-Centric Deep Learning Enabled Camera Solution for Real-Time Human Fall Detection","H. R. Tohidypour; M. T. Pourazad; P. Nasiopoulos","Electrical & Computer Engineering, Univeristy of British Columbia, Vancouver, BC, Canada; Electrical & Computer Engineering, Univeristy of British Columbia, Vancouver, BC, Canada; Electrical & Computer Engineering, Univeristy of British Columbia, Vancouver, BC, Canada","2022 18th International Conference on Wireless and Mobile Computing, Networking and Communications (WiMob)","15 Nov 2022","2022","","","42","46","Automatic human real-time fall detection is a challenging task in remote healthcare, demanding a non-intrusive, secure and affordable solution. In this paper, we present a real-time hardware system that uses a deep learning model for fall detection embedded in a color camera. To reduce the startup delay and achieve real-time performance for the inference phase, we optimized our model using TensorRT. In addition, we addressed the board memory limitation using virtual memory and linear memory allocation and garbage collection. Moreover, GStreamer was used to perform most of the video processing using Jetson's GPU. Our live evaluation shows that our system achieved the accuracy of 84.44% and real-time performance.","2160-4894","978-1-6654-6975-3","10.1109/WiMob55322.2022.9941359","","https://ieeexplore.ieee.org/stamp/stamp.jsp?arnumber=9941359","fall detection;hardware;deep learning;smart home","Deep learning;Wireless communication;Graphics processing units;Streaming media;Cameras;Real-time systems;Hardware","","","","14","IEEE","15 Nov 2022","10-12 Oct. 2022","10-12 Oct. 2022","IEEE","IEEE Conferences"
"Privacy-Aware Fall Detection with LSTM and Differential Privacy","M. A. Fauzi; B. Yang; Y. S. Hayati; B. D. Setiawan; I. N. Sari; E. S. Pramukantoro","Faculty of Computer Science, Universitas Brawijaya, Malang, Indonesia; Department of Information Security and Communication Technology, Norwegian University of Science and Technology (NTNU), Gjøvik, Norway; Faculty of Computer Science, Universitas Brawijaya, Malang, Indonesia; Faculty of Computer Science, Universitas Brawijaya, Malang, Indonesia; Faculty of Computer Science, Universitas Brawijaya, Malang, Indonesia; Faculty of Computer Science, Universitas Brawijaya, Malang, Indonesia",2025 5th International Conference on Intelligent Technology and Embedded Systems (ICITES),"11 Dec 2025","2025","","","160","167","Falls are a significant health risk among elderly populations, necessitating effective detection systems. Vision-based methods, particularly pose estimation combined with Long Short-Term Memory (LSTM) networks, have shown promising accuracy but raise privacy concerns due to the use of sensitive visual data. This paper proposes a privacy-aware fall detection system that leverages pose-based skeletal data and integrates Differential Privacy (DP) into LSTM training, providing formal guarantees of data privacy. We evaluate our approach using a publicly available dataset, comparing standard LSTM models against those trained with DP at various privacy levels (privacy budgets, ε). Our results indicate that incorporating DP introduces a measurable performance trade-off: higher privacy protection (smaller ε) leads to reductions in accuracy, precision, recall, and F1-score, particularly affecting the detection of minority-class events (falls). Nevertheless, moderate privacy settings ($\varepsilon \approx 2$ to 5) still achieve acceptable performance (approximately $85-87 \%$ accuracy), balancing privacy and practical utility effectively. This work underscores the importance of carefully selecting privacy budgets to maintain model efficacy while ensuring rigorous data protection, offering a robust approach suitable for sensitive environments such as elderly care facilities.","","979-8-3503-5719-6","10.1109/ICITES66466.2025.11274304","","https://ieeexplore.ieee.org/stamp/stamp.jsp?arnumber=11274304","Fall detection;Differential privacy;LSTM;Pose estimation;Elderly care","Training;Privacy;Differential privacy;Visualization;Accuracy;Pose estimation;Older adults;Fall detection;Long short term memory;Standards","","","","27","IEEE","11 Dec 2025","19-22 Sept. 2025","19-22 Sept. 2025","IEEE","IEEE Conferences"
"Privacy-Preserving In-Home Fall Detection Using Visual Shielding Sensing and Private Information-Embedding","J. Liu; R. Tan; G. Han; N. Sun; S. Kwong","Engineering Research Center of Wideband Wireless Communication Technology, Ministry of Education, Nanjing University of Posts and Telecommunications, Nanjing, China; Engineering Research Center of Wideband Wireless Communication Technology, Ministry of Education, Nanjing University of Posts and Telecommunications, Nanjing, China; Engineering Research Center of Wideband Wireless Communication Technology, Ministry of Education, Nanjing University of Posts and Telecommunications, Nanjing, China; Engineering Research Center of Wideband Wireless Communication Technology, Ministry of Education, Nanjing University of Posts and Telecommunications, Nanjing, China; Department of Computer Science, City University of Hong Kong, Kowloon, Hong Kong",IEEE Transactions on Multimedia,"19 Oct 2021","2021","23","","3684","3699","Falls are the main cause of accidental injuries, and even death among elderly people, especially those who live alone in their homes. The absence of a reliable fall detection system has long been a serious problem for home health monitoring. A video surveillance system can be used to monitor elderly people at home to detect falls, but the traditional implementation of such intelligent detection falls short of personal privacy-related considerations; additionally, many people do not want to be watched in their homes. To solve this problem, we propose a fall detection system with visual shielding that can ensure the safety of elderly people in their homes while preserving their personal privacy. Multilayer compressed sensing is first used to achieve visually shielded video frames. By combining low-rank sparse decomposition theory with the improved local binary pattern on the three orthogonal planes, the object features are extracted from the shielded video frames. Finally, to compensate for the information lost in the compressed video to a certain extent, a private information-embedded classification model is proposed to identify fall-related behavior. The experimental results on two public fall datasets show that the proposed method delivers impressive accuracy and a low error rate while effectively distinguishing between fall- and nonfall-related behaviors in videos.","1941-0077","","10.1109/TMM.2020.3029904","Provincial Natural Science Foundation of the Science and Technology Bureau of Jiangsu Province(grant numbers:BK20180088); China Postdoctoral Science Foundation(grant numbers:2019M651916); Nanjing University of Posts and Telecommunications(grant numbers:NY218066); National Natural Science Foundation of China(grant numbers:61871445); ","https://ieeexplore.ieee.org/stamp/stamp.jsp?arnumber=9220826","Fall detection;privacy-preserving;multilayer compressed sensing;LBP-TOP;information embedded","Feature extraction;Privacy;Senior citizens;Nonhomogeneous media;Visualization;Cameras","","26","","61","IEEE","12 Oct 2020","2021","","IEEE","IEEE Journals"
"Privacy-Preserving, Thermal Vision With Human in the Loop Fall Detection Alert System","A. Naser; A. Lotfi; M. D. Mwanje; J. Zhong","Department of Computer Science, Nottingham Trent University, Nottingham, U.K.; Computational Intelligence and Applications Research Group, Nottingham Trent University, Nottingham, U.K.; Department of Computer Science, Nottingham Trent University, Nottingham, U.K.; The Hong Kong Polytechnic University, Hong Kong",IEEE Transactions on Human-Machine Systems,"13 Jan 2023","2023","53","1","164","175","To support the independent living of older adults in their own homes, it is essential to identify their abnormal behaviors before triggering an automated alert system. Existing normal vision sensing approaches to detect human falls in the activities of daily living (ADL) experienced acceptability issues due to outstanding privacy concerns when they are deployed in personal environments. Besides, false alerts (false-positive) fall detection has not been addressed thoroughly in systems that report abnormal human behaviors as emergency alerts to the information support. This article proposes a novel human-in-the-loop fall detection approach in the ADLs using a low-resolution thermal sensor array. The motivation for enabling a human interactive model, fall detection confirmation, is to influence resource efficiency by reducing false-positive alerts while keeping the false-negative fall predictions as low as possible. The proposed approach is based on the motion sequence classification of human movements using a recurrent neural network. The proposed approach is evaluated with comprehensive experiments using different learning techniques, users, and domestic environment conditions. This article shows a performance accuracy of 99.7% to detect human falls from various typical ADLs.","2168-2305","","10.1109/THMS.2022.3203021","Nottingham Trent University; ","https://ieeexplore.ieee.org/stamp/stamp.jsp?arnumber=9882393","Activities of daily living (ADL) recognition;anomaly detection;fall detection;human-in-the-loop;machine learning;optical flow;privacy-preserving approach;thermal sensor array (TSA)","Fall detection;Sensors;Temperature sensors;Human in the loop;Older adults;Histograms;Feature extraction","","18","","43","IEEE","9 Sep 2022","Feb. 2023","","IEEE","IEEE Journals"
"A Privacy-Preserving AIoT Framework for Fall Detection and Classification Using Hierarchical Learning With Multilevel Feature Fusion","S. Mobsite; N. Alaoui; M. Boulmalf; M. Ghogho","TICLaboratory, International University of Rabat, Rabat, Morocco; TICLaboratory, International University of Rabat, Rabat, Morocco; TICLaboratory, International University of Rabat, Rabat, Morocco; TICLaboratory, International University of Rabat, Rabat, Morocco",IEEE Internet of Things Journal,"23 Jul 2024","2024","11","15","26531","26547","Privacy and false fall detection pose a significant challenge within the current camera-based human activity monitoring research. In response, we propose a solution that leverages the inherent relationship between binary fall detection and activity classification through hierarchical learning for low-false fall classification. Our solution involves employing edge computing for data preprocessing, with a specific focus on extracting key points of the human body and motion features. Subsequently, the classification process based on multistream hierarchical learning takes place at the cloud level. This approach prevents sending raw RGB videos to the cloud to improve data privacy. Moreover, our network incorporates the hierarchical relationship between binary and multiclass classification using stream-to-stream skip connections and multilevel feature fusion. We created our multiscale convolutional fusion block (MSCFB) for multilevel feature extraction and fusion with an inner block skip connection. Additionally, we added an auxiliary fall detection loss to the first stream to regulate and control the feature extraction process for fall detection. Our network attained state-of-the-art performance in activity classification on the UP-Fall data set, securing an F1-score of 97.27%. Notably, there were no misclassifications between regular activities and fall subclasses, leading to a perfect F1-score of 100% for binary fall detection on this data set. Furthermore, our fall detection network achieved state-of-the-art on the PRECIS HAR data set with an F1-score of 98.34%.","2327-4662","","10.1109/JIOT.2024.3398782","","https://ieeexplore.ieee.org/stamp/stamp.jsp?arnumber=10527395","Activity classification;AIoT;camera;fall detection;hierarchical learning;smart home","Fall detection;Feature extraction;Internet of Things;Statistics;Social factors;Cameras;Videos","","8","","74","IEEE","9 May 2024","1 Aug.1, 2024","","IEEE","IEEE Journals"
"Computer Vision Based Privacy Protected Fall Detection and Behavior Monitoring System for the Care of the Elderly","Y. P. N. Fernando; K. D. B. Gunasekara; K. P. Sirikumara; U. E. Galappaththi; T. Thilakarathna; D. Kasthurirathna","Faculty of Computing, SLIIT, Malabe, Sri Lanka; Faculty of Computing, SLIIT, Malabe, Sri Lanka; Faculty of Computing, SLIIT, Malabe, Sri Lanka; Faculty of Computing, SLIIT, Malabe, Sri Lanka; Faculty of Computing, SLIIT, Malabe, Sri Lanka; Faculty of Computing, SLIIT, Malabe, Sri Lanka",2021 26th IEEE International Conference on Emerging Technologies and Factory Automation (ETFA ),"30 Nov 2021","2021","","","01","07","The elderly population constitutes a large percentage of the society hence making elderly care a top priority. Falls have been identified as a leading issue among major problems faced by them. Concerning this, many monitoring devices have been developed, most of them focusing solely on one specific health care aspect or related to fall detection, and are based on sensors and wearable devices which are usually uncomfortable for daily use. Considering these aspects, the solution proposed in this research is a real time computer vision-based system that monitors behavior and detects anomalies through deep learning. The monitoring is mainly focused on detecting unusual behavior including falls, and monitoring routine activities to detect deviations. A device approach is used to deploy the deep learning models and consists of IP camera-based monitoring which uses a special privacy protected procedure that ensures the detection is done based on meta data and therefore no camera image or footage is stored. The research is mainly focused on four major components which are user identification, fall detection, routine variance detection and device configuration.","","978-1-7281-2989-1","10.1109/ETFA45728.2021.9613448","","https://ieeexplore.ieee.org/stamp/stamp.jsp?arnumber=9613448","Activity Recognition;Artificial Intelligence;Assistive Technology;Computer Vision;Convolutional Neural Network;Hidden Markov Model;Multi-task Cascaded Convolutional Neural Networks;Part Affinity Fields;Routine Analysis","Deep learning;Privacy;Face recognition;Hidden Markov models;Fall detection;Older adults;Wearable devices","","7","","21","IEEE","30 Nov 2021","7-10 Sept. 2021","7-10 Sept. 2021","IEEE","IEEE Conferences"
"Toward Privacy-Supporting Fall Detection via Deep Unsupervised RGB2Depth Adaptation","H. Xiao; K. Peng; X. Huang; A. Roitberg; H. Li; Z. Wang; R. Stiefelhagen","Xiong’an Institute of Innovation, Chinese Academy of Sciences, Xiong’an, China; Institute for Anthropomatics and Robotics, Karlsruhe Institute of Technology, Karlsruhe, Germany; Xiong’an Institute of Innovation, Chinese Academy of Sciences, Xiong’an, China; Institute for Anthropomatics and Robotics, Karlsruhe Institute of Technology, Karlsruhe, Germany; Xiong’an Institute of Innovation, Chinese Academy of Sciences, Xiong’an, China; Xiong’an Institute of Innovation, Chinese Academy of Sciences, Xiong’an, China; Institute for Anthropomatics and Robotics, Karlsruhe Institute of Technology, Karlsruhe, Germany",IEEE Sensors Journal,"30 Nov 2023","2023","23","23","29143","29155","Fall detection is a vital task in health monitoring, as it allows the system to trigger an alert and therefore enable faster interventions when a person experiences a fall. Although most previous approaches rely on standard RGB video data, such detailed appearance-aware monitoring poses significant privacy concerns. Depth sensors, on the other hand, are better at preserving privacy as they merely capture the distance of objects from the sensor or camera, omitting color and texture information. In this article, we introduce a privacy-supporting solution that makes the RGB-trained model applicable in the depth domain and utilizes depth data at test time for fall detection. To achieve cross-modal fall detection, we present an unsupervised RGB domain to the depth domain (RGB2Depth) cross-modal domain adaptation approach that leverages labeled RGB data and unlabeled depth data during training. Our proposed pipeline incorporates an intermediate domain module (IDM) for feature bridging, modality adversarial loss for modality discrimination, classification loss for pseudo-labeled depth data and labeled source data, triplet loss that considers both the source and target domains, and a novel adaptive loss weight adjustment method for improved coordination among various losses. Our approach achieves state-of-the-art results in the unsupervised RGB2Depth domain adaptation task for fall detection. Code is available at https://github.com/1015206533/privacy_supporting_fall_detection.","1558-1748","","10.1109/JSEN.2023.3322479","National Key Research and Development Program of China(grant numbers:2020YFC2006406); Carl Zeiss Stiftung through the SmartAge Project(grant numbers:P2019-01-003 (2021–2026)); ","https://ieeexplore.ieee.org/stamp/stamp.jsp?arnumber=10299609","Fall detection;intermediate domain module (IDM);loss weight adaptive;unsupervised modality adaptation (UMA)","Fall detection;Training;Sensors;Adaptation models;Data models;Task analysis;X3D","","5","","70","IEEE","27 Oct 2023","1 Dec.1, 2023","","IEEE","IEEE Journals"
"Privacy-Preserving Fall Detection Using an Ultra-Wideband Sensor With Continuous Human State Classification","K. Thipprachak; P. Tangamchit; S. Lerspalungsanti","Department of Control Systems and Instrumentation Engineering, King Mongkut’s University of Technology Thonburi, Bangkok, Thailand; Department of Control Systems and Instrumentation Engineering, King Mongkut’s University of Technology Thonburi, Bangkok, Thailand; National Metal and Materials Technology Center, National Science and Technology Development Agency, Khlong Nueng, Pathum Thani, Thailand",IEEE Access,"23 Sep 2024","2024","12","","129103","129119","Detecting falls in elderly individuals is crucial for their safety and well-being, especially in high-risk areas such as bathrooms. To enhance human activity recognition (HAR) while ensuring user privacy, we developed an advanced fall detection system using ultra-wideband (UWB) radar technology. The UWB radar transmits high-frequency pulse signals that are used to reflect human activities without compromising user privacy. Our innovative continuous human state classification approach analyzes the sequences of the activities identified using a single-shot recognition algorithm. This method interprets these activities as cohesive events, leveraging the preceding activities to predict and identify falls. Our algorithm meticulously organized these activities into a comprehensive chronicle of human behavior, significantly enhancing the model’s ability to accurately identify falls. The historical context provided by this chronicle boosted the model’s performance. Our research revealed that the continuous human state classification model increased the accuracy by 26 % compared with that of the single-shot approach. Furthermore, we incorporated a novel transformer-based model that surpasses previous methods employing convolutional neural networks (CNN) and long short-term memory (LSTM) models. This study provides an exhaustive account of the design, implementation, and evaluation of our approach, demonstrating its effectiveness through real-world testing. Our findings highlight the superior accuracy and reliability of the continuous human state classification model for fall detection, thereby setting a new standard in elderly care technology.","2169-3536","","10.1109/ACCESS.2024.3457571","National Science and Technology Department Agency (NSTDA), Junior Science Talent Project(grant numbers:SCA-CO-2563-11901-TH); ","https://ieeexplore.ieee.org/stamp/stamp.jsp?arnumber=10670471","Fall detection;transformer-based classification;ultra-wideband (UWB);human activity recognition","Human activity recognition;Ultra wideband radar;Radar;Accuracy;Safety;Privacy;Fall detection;Classification algorithms","","3","","39","CCBYNCND","10 Sep 2024","2024","","IEEE","IEEE Journals"
"Real-Time Privacy-Preserving Fall Detection using Dynamic Vision Sensors","S. S. Prasad; N. K. Mehta; A. Banerjee; H. Kumar; S. Saurav; S. Singh","Intelligent Systems Group, AcSIR — CSIR-CEERI, Pilani, India; Intelligent Systems Group, AcSIR — CSIR-CEERI, Pilani, India; Intelligent Systems Group, AcSIR — CSIR-CEERI, Pilani, India; Intelligent Systems Group, AcSIR — CSIR-CEERI, Pilani, India; Intelligent Systems Group, AcSIR — CSIR-CEERI, Pilani, India; Intelligent Systems Group, AcSIR — CSIR-CEERI, Pilani, India",2022 IEEE 19th India Council International Conference (INDICON),"16 Feb 2023","2022","","","1","6","In this fast-paced world, the only people who have to stay at home for the longest time are the sick or the elderly. Indoor surveillance for monitoring the safety of these individuals in real-time could help in the detection and prevention of fatal accidents. Achieving this task while preserving privacy brings us to the new research trend of privacy-preserving human fall detection. In this paper, we attempt to solve the problem of privacy-preserving fall detection, a subtask of human action recognition, using the Dynamic Vision Sensor (DVS). We demonstrate the effectiveness of this approach by performing real-time fall detection with a 3D-Convolutional Neural Network (3D-CNN). Our proposed methods achieved average sensitivity and specificity of 99.34% and 100% respectively. Due to the small memory footprint, number parameters, and operation count of the model, we could achieve real-time performance on an edge device.","2325-9418","978-1-6654-7350-7","10.1109/INDICON56171.2022.10039894","","https://ieeexplore.ieee.org/stamp/stamp.jsp?arnumber=10039894","Fall Detection;Privacy-Preserving;Action Classification;Real-Time;DVS","Performance evaluation;Image edge detection;Surveillance;Neural networks;Vision sensors;Real-time systems;Fall detection","","3","","22","IEEE","16 Feb 2023","24-26 Nov. 2022","24-26 Nov. 2022","IEEE","IEEE Conferences"
"High Coverage and Privacy-Preserving IoT-Based Fall Detection System With Two-Thermal-Sensor Configuration","Y. Wing Lo; C. Yin Lai; M. Ho Tsoi; S. W. Y. Mung","Research and Development Office, The Education University of Hong Kong, Ting Kok, Hong Kong; Research and Development Office, The Education University of Hong Kong, Ting Kok, Hong Kong; Research and Development Office, The Education University of Hong Kong, Ting Kok, Hong Kong; Research and Development Office, The Education University of Hong Kong, Ting Kok, Hong Kong","IEEE Transactions on Systems, Man, and Cybernetics: Systems","4 Feb 2026","2026","56","2","812","824","This study proposes a simple Internet of Things (IoT)-based fall detection system with high coverage and privacy preservation to detect people’s status in private areas, such as washrooms. Human detection is crucial to prevent treatment delays because falls can lead to serious injuries or death. The proposed system utilizes a two-thermal-sensor configuration with top and side sensors to detect humans and perform fall detection. The number of top and side sensors used depends on the size of the detected area. The system incorporates the narrowband (NB)-IoT technology to facilitate communication between servers and sensors as a bridge in this system. The fall detection circuit includes an NB-IoT module, a microcontroller unit (MCU), and a two-thermal-sensor configuration. This low-cost MCU connects to the sensors and performs computations to determine if a private area is occupied or not. Apart from high coverage and privacy preservation, a two-thermal-sensor configuration enhances the accuracy of the fall detection system. A convolutional neural network (CNN) can be added as an additional fall detection metric. This fully integrated system was already implemented in different commercial places, and four commercial places are demonstrated in this article. Experiments were performed via five cases to verify the performance of the proposed fall detection system. This system, compared with other technologies, has simple installation, low cost, high coverage, and privacy-preserving features.","2168-2232","","10.1109/TSMC.2025.3614012","Research Matching Grant Scheme (RMGS) through the Research Grants Council of Hong Kong; ","https://ieeexplore.ieee.org/stamp/stamp.jsp?arnumber=11251189","Convolutional neural network (CNN);fall detection;health care;hypertext transfer protocol (HTTP);Internet of Things (IoT);narrowband IoT (NB-IoT);thermal","Fall detection;Sensors;Servers;Internet of Things;HTTP;Convolutional neural networks;Cameras;Temperature sensors;Accuracy;Temperature measurement","","1","","37","IEEE","18 Nov 2025","Feb. 2026","","IEEE","IEEE Journals"
"Privacy-Aware IoT Fall Detection Services for Aging in Place","A. Lakhdari; J. Li; A. Abusafia; A. Bouguettaya","School of Computer Science, The University of Sydney, Australia; Department of Computer Science, ETH, Zürich, Switzerland; School of Computing and Information Systems, The University of Melbourne, Australia; School of Computer Science, The University of Sydney, Australia",2025 IEEE International Conference on Web Services (ICWS),"30 Sep 2025","2025","","","324","334","Fall detection is critical to support the growing elderly population, projected to reach 2.1 billion by 2050. However, existing methods often face data scarcity challenges or compromise privacy. We propose a novel IoT-based Fall Detection as a Service (FDaaS) framework to assist the elderly in living independently and safely by accurately detecting falls. We design a service-oriented architecture that leverages Ultra-wideband (UWB) radar sensors as an IoT health-sensing service, ensuring privacy and minimal intrusion. We address the challenges of data scarcity by utilizing a Fall Detection Generative Pre-trained Transformer (FD-GPT) that uses augmentation techniques. We developed a protocol to collect a comprehensive dataset of the elderly daily activities and fall events. This resulted in a real dataset that carefully mimics the elderly's routine. We rigorously evaluate and compare various models using this dataset. Exper-imental results show our approach achieves 90.72% accuracy and 89.33% precision in distinguishing between fall events and regular activities of daily living.","2836-3868","979-8-3315-5563-4","10.1109/ICWS67624.2025.00047","Australian Research Council(grant numbers:LE220100078,DP220101823); ","https://ieeexplore.ieee.org/stamp/stamp.jsp?arnumber=11169594","Fall detection;privacy-aware;FDaaS;smart home;unobtrusive sensing;iot services;fd-gpt","Generative Pre-trained transformer;Accuracy;Smart homes;Aging;Sensor systems;Service-oriented architecture;Internet of Things;Fall detection;Older adults;Ultra wideband radar","","","","40","IEEE","30 Sep 2025","7-12 July 2025","7-12 July 2025","IEEE","IEEE Conferences"
"Securing Fall Detection with Federated Learning: A Privacy-Centric Approach for IoT Healthcare","T. Souadia; D. Tandjaoui; H. Benkaouha","Faculty of computer science USTHB University, Algiers, ALGERIA; Research Center on Scientific and Technical Information CERIST, Algiers, ALGERIA; Faculty of computer science USTHB University, Algiers, ALGERIA",2025 International Symposium on iNnovative Informatics of Biskra (ISNIB),"9 May 2025","2025","","","01","06","Efficient and automated fall detection is crucial in healthcare, especially for monitoring elderly individuals. Rapid and accurate systems can reduce response times, mitigating the risk of prolonged injuries or fatalities. However, ensuring the privacy of sensitive data remains a significant challenge. This paper presents a privacy-preserving fall detection framework that leverages federated learning and differential privacy to collaboratively train models while keeping sensitive data on-device. To assess its effectiveness, we evaluated the framework using four widely-used public datasets: MobiAct, UNIMIB, SisFAll, and FALLALLD. The results demonstrate its robust performance and adaptability across various scenarios. A comparative analysis with existing models highlights the framework's strong results, scalability, and suitability as a privacy-focused solution for real-world IoT healthcare applications.","","979-8-3315-0957-6","10.1109/ISNIB64820.2025.10982741","","https://ieeexplore.ieee.org/stamp/stamp.jsp?arnumber=10982741","Federated Learning;Privacy;Differential Privacy;IoT;Fall Detection;Human Activity Recognition;Smart Healthcare","Differential privacy;Adaptation models;Privacy;Federated learning;Scalability;Medical services;Time factors;Fall detection;Older adults;Monitoring","","","","32","IEEE","9 May 2025","28-30 Jan. 2025","28-30 Jan. 2025","IEEE","IEEE Conferences"
"Fall Detection with Privacy as Standard","D. Kelly; D. Delaney; A. Nag","School of Electrical and Electronic Engineering, University College Dublin, Dublin, Ireland; School of Electrical and Electronic Engineering, University College Dublin, Dublin, Ireland; School of Electrical and Electronic Engineering, University College Dublin, Dublin, Ireland",2019 International Conference on High Performance Computing & Simulation (HPCS),"9 Sep 2020","2019","","","63","69","Current ambient assisted-living (AAL) systems used to detect falls in the elderly often rely on the person in question being either capable of pressing a panic button to alert others of their fall, or a wearable device which detects impacts. These systems can be invasive, negatively impacting on an individual's sense of independence and privacy which may in turn lead to a lower quality of life. This paper aims to examine a non-invasive means of detecting falls within the home, focusing on three separate approaches to detection, a waist-worn, computer-vision-based and novel in-shoe systems. The effectiveness of each individual system is explored and their effectiveness in detecting falls versus the privacy they provide are examined. The machine learning model which was trained for use with the waist-worn system achieved an accuracy of 74%, with a sensitivity of ~ 70%, using the limited dataset available for this preliminary study. The computer-vision system can accurately detect individuals in a scene as well as fall scenarios, however drastic lighting changes negatively impact the systems performance. Our in-shoe system achieved a zero false positive rate with an accuracy of ~ 67%.","","978-1-7281-4484-9","10.1109/HPCS48598.2019.9188066","","https://ieeexplore.ieee.org/stamp/stamp.jsp?arnumber=9188066","Ambient Assisted Living (AAL);fall detection;privacy","Accelerometers;Sensitivity;Feature extraction;Senior citizens;Acceleration;Privacy;Machine learning","","","","18","IEEE","9 Sep 2020","15-19 July 2019","15-19 July 2019","IEEE","IEEE Conferences"
"SOS-Enabled Wearable for Personal Security with GPS Tracking and Fall Detection","S. Sandhya; A. M. Dhasaradh; K. M. Fasil; S. Lithin; M. M. Habinsha; P. P. Alan Anugrah","JCT College of Engineering and Technology, Coimbatore, Tamil Nadu, India; JCT College of Engineering and Technology, Coimbatore, Tamil Nadu, India; JCT College of Engineering and Technology, Coimbatore, Tamil Nadu, India; JCT College of Engineering and Technology, Coimbatore, Tamil Nadu, India; JCT College of Engineering and Technology, Coimbatore, Tamil Nadu, India; JCT College of Engineering and Technology, Coimbatore, Tamil Nadu, India",2025 International Conference on Modern Sustainable Systems (CMSS),"6 Oct 2025","2025","","","279","284","Smart wearable IoT device is a comprehensive solution designed to increase the safety of women and old aged people by leveraging the GSM and GPS. The microcontroller ESP32 works as the central processing unit and manages various modules such as GPS tracking, GSM communication, and motion sensing. The device features an SOS panic button that can be manually activated in distress situations, automatically triggering SMS and call alerts to predefined contacts which is set by the wearable device admin can get the user’s current location, even in offline scenarios. To enhance its safety feature further, the device has an accelerometer and gyroscope (MPU6050) for fall detection. The sensors monitor sudden movement, jerking, or prolonged stationary time, triggering automatic alerts in presumed danger scenarios. A voice recording module is optionally provided to capture audio evidence in case of emergencies for post-incident analysis. The system is also able to run on a rechargeable lithium-ion battery, supported by an energy-efficient power management circuit that provides energy efficiency and extended operation. Low power consumption, USB charging or optional solar charging, and battery level indicators make the device more accessible and portable. Future releases will introduce AI-driven threat detection, geofencing alerts for location-based safety triggers, and biometric authentication to avoid unauthorized use. This intelligent wearable device is a fresh, affordable, and easy solution responding to the urgent need for active personal protection in the fast-changing technology world.","","979-8-3315-6510-7","10.1109/CMSS66566.2025.11182380","","https://ieeexplore.ieee.org/stamp/stamp.jsp?arnumber=11182380","IoT Device;Women Safety;Smart Wearables;GPS and GSM","GSM;Tracking;Sensors;Internet of Things;Security;Biomedical monitoring;Wearable devices;Protection;Fall detection;Global Positioning System","","","","10","IEEE","6 Oct 2025","12-14 Aug. 2025","12-14 Aug. 2025","IEEE","IEEE Conferences"
